ID,EMAIL,POHLAVI
1,ddibernardo0@nba.com,Female
2,nnoye1@theatlantic.com,Female
3,ftejero2@businessinsider.com,Male
4,nclaricoats3@ucoz.com,Male
5,dpie4@joomla.org,Male
6,ckennford5@bigcartel.com,Female
7,mweald6@nydailynews.com,Female
8,abattelle7@mapquest.com,Male
9,rbiddlecombe8@topsy.com,Male
10,acullen9@nifty.com,Male
11,ftuckwooda@t.co,Female
12,aedlestonb@army.mil,Female
13,karundellc@miibeian.gov.cn,Male
14,tgiocannonid@histats.com,Female
15,aangrovee@nasa.gov,Female
16,candrejsf@dmoz.org,Female
17,jdemanng@etsy.com,Female
18,tlafayeh@4shared.com,Male
19,tduggoni@wordpress.com,Male
20,bdumpletonj@amazon.co.uk,Female
21,gbrycek@about.me,Male
22,kkleinlererl@vk.com,Female
23,jwarnm@purevolume.com,Male
24,slaceyn@biglobe.ne.jp,Male
25,dsoggeeo@usgs.gov,Male
26,alinnerp@cdbaby.com,Male
27,syoungloveq@purevolume.com,Male
28,dmcgillr@bandcamp.com,Female
29,dkaboss@clickbank.net,Male
30,camortt@nytimes.com,Female
31,gpettefordu@pcworld.com,Female
32,ksturgisv@admin.ch,Male
33,tskellernw@mysql.com,Female
34,socahsedyx@furl.net,Male
35,fburwiny@phpbb.com,Male
36,scarnz@dion.ne.jp,Female
37,scopin10@deviantart.com,Male
38,dshearn11@eventbrite.com,Male
39,rlaviste12@aol.com,Male
40,dbeilby13@mozilla.org,Male
41,osteadman14@over-blog.com,Male
42,wharragin15@ning.com,Female
43,fdanovich16@pagesperso-orange.fr,Female
44,dkirwan17@cdc.gov,Female
45,cspoor18@utexas.edu,Female
46,bclemens19@dell.com,Male
47,egoodred1a@psu.edu,Female
48,mgosselin1b@plala.or.jp,Female
49,wpetruskevich1c@google.ca,Female
50,wfeifer1d@dailymotion.com,Male
51,jmoscrop1e@webnode.com,Female
52,jgraham1f@histats.com,Female
53,nbiddwell1g@cnbc.com,Male
54,ctrusslove1h@adobe.com,Female
55,sblanket1i@yandex.ru,Male
56,ivacher1j@quantcast.com,Male
57,bambroziak1k@fastcompany.com,Female
58,kblucher1l@drupal.org,Female
59,mwenderott1m@behance.net,Male
60,jpassler1n@ocn.ne.jp,Female
61,ddibbs1o@hatena.ne.jp,Female
62,ismither1p@godaddy.com,Female
63,ewhinney1q@google.com,Male
64,mthrelfall1r@dmoz.org,Male
65,arabbe1s@cmu.edu,Female
66,estruttman1t@lycos.com,Male
67,lcornhill1u@dot.gov,Female
68,splanks1v@dailymotion.com,Male
69,lcrab1w@is.gd,Female
70,skarlowicz1x@nsw.gov.au,Male
71,byanov1y@google.com,Female
72,nbenwell1z@biblegateway.com,Male
73,rbulch20@weather.com,Male
74,rsketchley21@unesco.org,Female
75,hsanz22@nsw.gov.au,Male
76,tdarnbrook23@dyndns.org,Male
77,gstrickland24@telegraph.co.uk,Female
78,bcorradengo25@seattletimes.com,Male
79,sawin26@addthis.com,Female
80,jhriinchenko27@geocities.com,Male
81,acawdron28@wufoo.com,Male
82,nstronge29@salon.com,Female
83,ldonke2a@marriott.com,Female
84,dwolland2b@miibeian.gov.cn,Male
85,tclemett2c@i2i.jp,Female
86,btopliss2d@imgur.com,Male
87,njordin2e@jugem.jp,Female
88,tburtonshaw2f@github.com,Female
89,jjasper2g@discovery.com,Female
90,apetrina2h@earthlink.net,Female
91,tjirousek2i@tinyurl.com,Male
92,cfishbourne2j@i2i.jp,Female
93,dfoxworthy2k@jugem.jp,Male
94,zbing2l@pcworld.com,Female
95,nkundert2m@php.net,Male
96,dyoude2n@desdev.cn,Male
97,charriskine2o@bandcamp.com,Male
98,eherche2p@scribd.com,Female
99,wotto2q@cpanel.net,Male
100,mdennehy2r@jigsy.com,Male
101,bbeilby2s@mapquest.com,Female
102,varonowicz2t@indiatimes.com,Male
103,bserfati2u@bloglines.com,Female
104,kmcgeown2v@miitbeian.gov.cn,Female
105,jlangstrath2w@dion.ne.jp,Female
106,cbeastall2x@abc.net.au,Female
107,crean2y@mozilla.org,Female
108,tlowrie2z@flickr.com,Male
109,mlogue30@smh.com.au,Male
110,sloblie31@amazonaws.com,Male
111,sdadge32@geocities.com,Male
112,wdurnall33@people.com.cn,Male
113,hmcrinn34@fda.gov,Male
114,scatonnet35@merriam-webster.com,Male
115,sceney36@lulu.com,Female
116,kcromer37@360.cn,Male
117,ipitkaithly38@quantcast.com,Female
118,tpeploe39@latimes.com,Female
119,gheyburn3a@printfriendly.com,Male
120,fthurbon3b@google.ru,Female
121,cnusche3c@github.io,Male
122,kdurram3d@usgs.gov,Female
123,rheims3e@arstechnica.com,Female
124,gstrowger3f@disqus.com,Male
125,voduane3g@unc.edu,Male
126,oknott3h@harvard.edu,Male
127,zbarritt3i@diigo.com,Female
128,ehuxstep3j@gravatar.com,Female
129,achaudret3k@cmu.edu,Female
130,jtulloch3l@addthis.com,Female
131,nblackesland3m@tmall.com,Female
132,broulston3n@plala.or.jp,Male
133,bhedin3o@icio.us,Female
134,rhowsden3p@craigslist.org,Female
135,bawcoate3q@sohu.com,Male
136,bmacrierie3r@abc.net.au,Female
137,mbenning3s@surveymonkey.com,Male
138,scraighill3t@de.vu,Female
139,astory3u@accuweather.com,Female
140,jticehurst3v@ustream.tv,Female
141,gstares3w@storify.com,Male
142,lzupo3x@blog.com,Male
143,sdelatour3y@va.gov,Male
144,learley3z@princeton.edu,Female
145,zhawksley40@phpbb.com,Female
146,fpietroni41@ucsd.edu,Male
147,jisacoff42@earthlink.net,Male
148,jlewnden43@army.mil,Female
149,kbligh44@archive.org,Male
150,langus45@boston.com,Female
151,lsavoury46@europa.eu,Female
152,clighton47@behance.net,Male
153,cpull48@hubpages.com,Male
154,mlongley49@princeton.edu,Female
155,cmcshirie4a@salon.com,Female
156,vrilings4b@elegantthemes.com,Female
157,fvern4c@yolasite.com,Male
158,ctwizell4d@facebook.com,Female
159,mpimlett4e@amazonaws.com,Female
160,hcarpenter4f@last.fm,Male
161,ghammerman4g@sphinn.com,Male
162,bsoot4h@mediafire.com,Male
163,hwaddilow4i@blog.com,Male
164,mfenck4j@usnews.com,Male
165,mconew4k@harvard.edu,Female
166,hisard4l@studiopress.com,Male
167,dwotherspoon4m@mapquest.com,Female
168,kmcshee4n@blinklist.com,Male
169,rhullett4o@bloomberg.com,Female
170,gfranken4p@wordpress.org,Male
171,ltilio4q@mlb.com,Male
172,emcquilty4r@mlb.com,Female
173,rcuredale4s@sogou.com,Male
174,cwildor4t@mashable.com,Female
175,acraggs4u@dion.ne.jp,Male
176,whassard4v@foxnews.com,Male
177,ddanielovitch4w@ebay.co.uk,Female
178,ldunton4x@howstuffworks.com,Female
179,lmckleod4y@cyberchimps.com,Male
180,gmartinolli4z@163.com,Male
181,cvanyashkin50@jalbum.net,Female
182,ilehrian51@uiuc.edu,Male
183,jfouch52@uol.com.br,Male
184,gbowser53@freewebs.com,Female
185,tboulstridge54@shinystat.com,Female
186,ssallings55@nature.com,Male
187,mkenworthy56@google.ca,Female
188,jgreve57@cdc.gov,Female
189,ztittershill58@netlog.com,Female
190,gnevet59@freewebs.com,Female
191,cfranke5a@ebay.com,Female
192,wlockyer5b@berkeley.edu,Female
193,jdopson5c@ox.ac.uk,Female
194,dcampione5d@google.co.jp,Female
195,prasper5e@paginegialle.it,Male
196,bkubik5f@ning.com,Female
197,brobjents5g@deviantart.com,Male
198,mscandroot5h@tripod.com,Female
199,lthow5i@drupal.org,Male
200,acrevy5j@huffingtonpost.com,Male
201,cticic5k@cpanel.net,Male
202,jlarchier5l@indiatimes.com,Female
203,sosgar5m@yahoo.com,Female
204,ljahnisch5n@trellian.com,Male
205,esangwin5o@discuz.net,Male
206,rtreker5p@indiegogo.com,Male
207,mkilgour5q@archive.org,Male
208,jnoble5r@clickbank.net,Female
209,cperrott5s@merriam-webster.com,Male
210,cnickolls5t@myspace.com,Male
211,lfilippone5u@fema.gov,Male
212,msandle5v@kickstarter.com,Female
213,mkay5w@diigo.com,Female
214,clowthorpe5x@sphinn.com,Male
215,prunsey5y@ebay.com,Female
216,jtocher5z@netscape.com,Female
217,mtinton60@psu.edu,Male
218,tiashvili61@theatlantic.com,Male
219,jastin62@theglobeandmail.com,Female
220,pend63@loc.gov,Male
221,nmoline64@usda.gov,Male
222,dyakebovitch65@prnewswire.com,Female
223,sghelarducci66@google.ca,Female
224,avibert67@wiley.com,Male
225,ckording68@nytimes.com,Male
226,rleroux69@howstuffworks.com,Female
227,dbottrill6a@amazon.com,Female
228,gobell6b@fastcompany.com,Female
229,nemlen6c@dyndns.org,Male
230,ntender6d@xinhuanet.com,Male
231,ljado6e@state.tx.us,Male
232,jadamowitz6f@php.net,Male
233,ffolds6g@admin.ch,Female
234,dbart6h@economist.com,Female
235,rpenning6i@themeforest.net,Female
236,dritchings6j@blog.com,Male
237,vcamm6k@seattletimes.com,Female
238,dmaciunas6l@free.fr,Female
239,rbartosek6m@ebay.co.uk,Female
240,rfewkes6n@storify.com,Male
241,athome6o@flavors.me,Female
242,tfavell6p@spiegel.de,Male
243,adulany6q@google.co.uk,Female
244,otrouel6r@psu.edu,Male
245,amcmychem6s@mit.edu,Female
246,apottage6t@bizjournals.com,Male
247,ejaneway6u@photobucket.com,Female
248,wstivens6v@slideshare.net,Female
249,lhayne6w@friendfeed.com,Female
250,fmcavey6x@amazon.de,Female
251,epragnall6y@elpais.com,Female
252,dferroni6z@indiatimes.com,Male
253,raleksandrov70@free.fr,Male
254,gmeade71@yolasite.com,Male
255,bscanterbury72@redcross.org,Male
256,ggristhwaite73@domainmarket.com,Male
257,kreddie74@weebly.com,Male
258,lprovis75@wordpress.org,Female
259,etewes76@yolasite.com,Male
260,xtremoille77@wiley.com,Male
261,rbenzies78@zdnet.com,Male
262,aparades79@hostgator.com,Male
263,dpaddison7a@trellian.com,Male
264,rbernadzki7b@mediafire.com,Male
265,jodriscoll7c@istockphoto.com,Female
266,droddy7d@lycos.com,Male
267,mlanger7e@npr.org,Female
268,acardno7f@google.ca,Female
269,arogeron7g@privacy.gov.au,Male
270,acornner7h@netvibes.com,Male
271,swestmerland7i@bloglines.com,Female
272,bduddy7j@google.it,Female
273,bwindous7k@webmd.com,Male
274,ehorsfield7l@diigo.com,Male
275,cgaynesford7m@qq.com,Female
276,rfrayne7n@mail.ru,Female
277,hpryer7o@pagesperso-orange.fr,Male
278,gweight7p@jugem.jp,Female
279,cdransfield7q@baidu.com,Female
280,mleighfield7r@microsoft.com,Male
281,lloveitt7s@flavors.me,Female
282,lnevitt7t@opensource.org,Male
283,mzanutti7u@i2i.jp,Male
284,kliggett7v@wikia.com,Female
285,atackley7w@about.me,Female
286,rwoolen7x@nsw.gov.au,Male
287,mnesbitt7y@wunderground.com,Male
288,omccloughen7z@smh.com.au,Female
289,mledley80@seesaa.net,Male
290,ltilney81@uol.com.br,Female
291,dolivie82@prnewswire.com,Female
292,hgolsby83@nps.gov,Female
293,pgable84@webnode.com,Male
294,tpauel85@ihg.com,Female
295,oodooley86@microsoft.com,Male
296,ljoris87@prweb.com,Male
297,csorey88@seesaa.net,Male
298,avigus89@cbslocal.com,Female
299,fsygroves8a@omniture.com,Male
300,cmiguel8b@reverbnation.com,Male
301,rblackesland8c@simplemachines.org,Male
302,croeby8d@paypal.com,Male
303,tspenceley8e@ebay.com,Male
304,cbeacham8f@google.com.au,Male
305,dgeillier8g@constantcontact.com,Male
306,aevers8h@shinystat.com,Female
307,croelofs8i@mashable.com,Female
308,gacres8j@yellowpages.com,Male
309,sdhooge8k@comcast.net,Male
310,ealvis8l@woothemes.com,Female
311,abosanko8m@phoca.cz,Male
312,irougier8n@surveymonkey.com,Female
313,tpidler8o@soundcloud.com,Male
314,nstilldale8p@princeton.edu,Male
315,lhowlett8q@devhub.com,Male
316,fanthonsen8r@cnn.com,Female
317,csinott8s@huffingtonpost.com,Male
318,areeder8t@harvard.edu,Male
319,dperkin8u@uol.com.br,Male
320,ljacobsz8v@fda.gov,Male
321,hkubczak8w@wordpress.org,Male
322,bhordell8x@tiny.cc,Female
323,mkleinhausen8y@netscape.com,Male
324,asteet8z@bandcamp.com,Male
325,fferrone90@ed.gov,Female
326,pstreets91@lycos.com,Female
327,siohananof92@tinyurl.com,Female
328,cflagg93@flickr.com,Male
329,agulc94@google.ca,Male
330,rantonich95@liveinternet.ru,Male
331,peastcott96@google.fr,Female
332,vmaccoveney97@cloudflare.com,Male
333,cstainsby98@hubpages.com,Female
334,awollacott99@dropbox.com,Male
335,nmuir9a@over-blog.com,Female
336,nbrunton9b@hc360.com,Male
337,ftommaseo9c@sciencedaily.com,Male
338,tgjerde9d@mlb.com,Male
339,bvasilchenko9e@usa.gov,Male
340,gbrosnan9f@chronoengine.com,Female
341,edonneely9g@g.co,Male
342,vbristoe9h@craigslist.org,Female
343,ffeitosa9i@posterous.com,Female
344,rdaniaud9j@digg.com,Male
345,cvonhelmholtz9k@marriott.com,Female
346,fgodball9l@blinklist.com,Female
347,asappy9m@godaddy.com,Female
348,rrehme9n@csmonitor.com,Female
349,kgodin9o@upenn.edu,Female
350,aruperti9p@123-reg.co.uk,Female
351,dwear9q@chronoengine.com,Male
352,pschimann9r@loc.gov,Male
353,bdomoney9s@addthis.com,Male
354,lince9t@wikipedia.org,Female
355,jcornes9u@bloglovin.com,Male
356,tkelledy9v@mayoclinic.com,Male
357,ghenstone9w@gravatar.com,Male
358,esvanetti9x@bravesites.com,Female
359,tslide9y@so-net.ne.jp,Female
360,mmacness9z@surveymonkey.com,Female
361,hroebucka0@microsoft.com,Female
362,dmaypesa1@exblog.jp,Female
363,jsworda2@rakuten.co.jp,Male
364,abuttreya3@google.ca,Male
365,aogga4@addtoany.com,Female
366,jheinritza5@gnu.org,Male
367,snormana6@wp.com,Male
368,fvigrassa7@cafepress.com,Male
369,bghiriardellia8@cloudflare.com,Female
370,plehrera9@bbc.co.uk,Female
371,ebuckaa@phpbb.com,Male
372,agreggab@abc.net.au,Male
373,pjedrasikac@japanpost.jp,Male
374,oteissierad@ning.com,Male
375,cburrassae@msu.edu,Male
376,aabramzonaf@tripod.com,Male
377,nreadheadag@amazon.co.uk,Male
378,wheleah@google.fr,Female
379,ahryniewickiai@skype.com,Female
380,rrunhamaj@ted.com,Female
381,akenchingtonak@telegraph.co.uk,Female
382,amallardal@topsy.com,Female
383,pgarriganam@ibm.com,Male
384,ecaseroan@timesonline.co.uk,Male
385,cstilesao@timesonline.co.uk,Male
386,syousefap@ft.com,Female
387,slefridgeaq@usgs.gov,Male
388,gyouingsar@jiathis.com,Male
389,hgrisardas@moonfruit.com,Female
390,gwinklessat@harvard.edu,Male
391,fmerrywetherau@bloglovin.com,Male
392,rmourtonav@technorati.com,Male
393,rtommasuzziaw@oaic.gov.au,Male
394,kmorax@shutterfly.com,Male
395,arubbensay@usgs.gov,Male
396,rbrislanaz@bigcartel.com,Male
397,tokeevanb0@tiny.cc,Female
398,mlebrunb1@google.com.au,Female
399,rhaskettb2@i2i.jp,Female
400,akinneirb3@technorati.com,Female
401,ckitchinhamb4@shutterfly.com,Female
402,ipardewb5@angelfire.com,Male
403,lfenneb6@liveinternet.ru,Male
404,dlandb7@china.com.cn,Male
405,dlatorreb8@seesaa.net,Female
406,lgirodb9@ucla.edu,Male
407,tmatejkaba@so-net.ne.jp,Male
408,jboldtbb@themeforest.net,Female
409,ncharleybc@taobao.com,Male
410,zkanterbd@usnews.com,Male
411,nstreeterbe@seesaa.net,Female
412,aohannaybf@answers.com,Male
413,spickerellbg@netlog.com,Male
414,cfellsbh@state.gov,Female
415,ipeegrembi@europa.eu,Female
416,grownbj@reverbnation.com,Male
417,shallgarthbk@prweb.com,Male
418,smallabarbl@squarespace.com,Male
419,resselenbm@paginegialle.it,Male
420,rchatfieldbn@list-manage.com,Male
421,asinnettbo@tumblr.com,Male
422,sweemsbp@fc2.com,Male
423,alillowbq@smh.com.au,Male
424,ibatropbr@cisco.com,Female
425,mdesmondbs@stumbleupon.com,Female
426,ebengefieldbt@paginegialle.it,Female
427,pmaccaghanbu@photobucket.com,Female
428,dkenewelbv@lulu.com,Male
429,jrispinbw@wikimedia.org,Male
430,rbrambleybx@fotki.com,Male
431,dfittonby@digg.com,Male
432,bemanuelibz@dailymotion.com,Female
433,awankc0@alibaba.com,Male
434,twaplingtonc1@a8.net,Female
435,rcharkec2@shutterfly.com,Female
436,egeggusc3@google.ca,Female
437,apiscullic4@nhs.uk,Female
438,tbodiamc5@illinois.edu,Female
439,pdraiseyc6@jiathis.com,Male
440,miacomic7@opera.com,Female
441,bfeldbergerc8@e-recht24.de,Male
442,mdoncomc9@deviantart.com,Male
443,mparradineca@umich.edu,Female
444,cdrinkwatercb@nymag.com,Male
445,chudsoncc@discuz.net,Female
446,ituttoncd@123-reg.co.uk,Male
447,tmatticcice@over-blog.com,Male
448,ipartletoncf@google.com.hk,Female
449,agoadsbycg@samsung.com,Female
450,rduckerch@ucoz.ru,Female
451,lburneyci@oracle.com,Female
452,gpimblottecj@topsy.com,Male
453,belesck@blogtalkradio.com,Female
454,lshalloocl@purevolume.com,Male
455,ggouldstonecm@infoseek.co.jp,Male
456,rmounsiecn@state.gov,Male
457,bwilcotco@slashdot.org,Male
458,kmilroycp@com.com,Male
459,mmilillocq@weather.com,Female
460,ljeckellcr@youku.com,Female
461,gattwellcs@gov.uk,Male
462,mogradyct@pagesperso-orange.fr,Female
463,lhonywillcu@parallels.com,Female
464,pmarkuscv@stumbleupon.com,Male
465,emcgurncw@flickr.com,Female
466,rfenechcx@rakuten.co.jp,Male
467,kpengillycy@sogou.com,Female
468,rodohertycz@wikispaces.com,Male
469,jpenked0@paypal.com,Female
470,cmatyushenkod1@1und1.de,Male
471,gmcilherrand2@so-net.ne.jp,Male
472,gbothend3@4shared.com,Female
473,shaughd4@marketwatch.com,Male
474,aseamerd5@webmd.com,Male
475,mmerringd6@freewebs.com,Female
476,eroftd7@accuweather.com,Male
477,ghunted8@chicagotribune.com,Female
478,tbefroyd9@blogger.com,Male
479,fmapamda@google.com.au,Male
480,fmadocjonesdb@google.ca,Male
481,lstockbridgedc@miibeian.gov.cn,Male
482,wiversdd@umn.edu,Male
483,bswindellde@mysql.com,Male
484,abraybrookedf@sbwire.com,Male
485,hlarcherdg@ibm.com,Female
486,lbosketdh@wikispaces.com,Female
487,ccasoldi@mysql.com,Male
488,acurtaynedj@squidoo.com,Female
489,gellsomdk@house.gov,Female
490,ehercockdl@friendfeed.com,Male
491,hfoddydm@skype.com,Male
492,amatthiaedn@ftc.gov,Female
493,kliebermanndo@g.co,Female
494,hbumpasdp@merriam-webster.com,Male
495,bfilkovdq@ask.com,Male
496,iodoohainedr@rakuten.co.jp,Female
497,rbourdonds@theguardian.com,Male
498,ipeverelldt@github.com,Male
499,gdighthamdu@rambler.ru,Female
500,emcgrottydv@jugem.jp,Female
501,fdysertdw@cafepress.com,Female
502,sandrollidx@posterous.com,Female
503,trullerdy@samsung.com,Female
504,tbudgendz@patch.com,Male
505,wmickane0@berkeley.edu,Female
506,llissimoree1@odnoklassniki.ru,Female
507,bdandiee2@psu.edu,Female
508,pblackmoree3@europa.eu,Male
509,mramase4@dedecms.com,Male
510,itrudgione5@reuters.com,Female
511,mpeddowee6@parallels.com,Female
512,sgreire7@acquirethisname.com,Male
513,lvatinie8@google.com,Female
514,kkarpenkoe9@is.gd,Female
515,kdeveraleea@yellowbook.com,Female
516,lduligalleb@dagondesign.com,Female
517,nviseec@free.fr,Female
518,lshyramed@nyu.edu,Male
519,kobrollachainee@sciencedaily.com,Female
520,civanishinef@netvibes.com,Female
521,cjaycockseg@hud.gov,Male
522,glowiseh@tmall.com,Male
523,asaytonei@cbsnews.com,Female
524,rmougenelej@about.com,Female
525,tgowdyek@sphinn.com,Female
526,thallowsel@usa.gov,Male
527,dboordem@joomla.org,Female
528,cbruckentalen@domainmarket.com,Female
529,vclericoateseo@etsy.com,Male
530,rstanyforthep@imgur.com,Female
531,mwetheyeq@usa.gov,Male
532,ipeytoer@i2i.jp,Male
533,platuses@uol.com.br,Male
534,dtyhurstet@spotify.com,Female
535,mbastineu@sina.com.cn,Male
536,jjuszczakev@youku.com,Female
537,nluttgertew@bbb.org,Male
538,aluchelliex@wikimedia.org,Female
539,bhardakerey@hatena.ne.jp,Female
540,fcamousez@telegraph.co.uk,Male
541,eureyf0@dailymotion.com,Female
542,rdockreyf1@so-net.ne.jp,Male
543,rhessef2@google.ru,Male
544,fleckeyf3@eventbrite.com,Female
545,kgravief4@ycombinator.com,Female
546,cwoloschinf5@networkadvertising.org,Female
547,ggoulstonef6@slate.com,Male
548,myerbyf7@list-manage.com,Female
549,amacluref8@acquirethisname.com,Female
550,rivoshinf9@accuweather.com,Male
551,mperfilifa@nbcnews.com,Female
552,lmorebyfb@archive.org,Female
553,acossonsfc@tripod.com,Female
554,opowisfd@chronoengine.com,Female
555,mcassimerfe@ca.gov,Male
556,sdehailesff@printfriendly.com,Male
557,lraltonfg@usa.gov,Female
558,mdigglesfh@yolasite.com,Male
559,cbiasionifi@webs.com,Female
560,fjustfj@youku.com,Female
561,aneilusfk@twitter.com,Male
562,eskacelfl@google.ru,Male
563,dzorzenonifm@dot.gov,Female
564,ahardifn@squidoo.com,Male
565,rbeterissfo@goo.gl,Male
566,elennardfp@springer.com,Male
567,drothwellfq@typepad.com,Female
568,ygossagefr@e-recht24.de,Male
569,fblackmoorfs@joomla.org,Female
570,ltewkesburyft@ihg.com,Female
571,jhamshawfu@yellowbook.com,Female
572,ojolliefv@geocities.jp,Female
573,esimpsonfw@bing.com,Male
574,pbickmorefx@alexa.com,Male
575,zfolcafy@edublogs.org,Male
576,dweatherupfz@domainmarket.com,Female
577,agoozeeg0@washington.edu,Male
578,mgorstg1@aboutads.info,Female
579,sgalsworthyg2@usgs.gov,Female
580,kbateripg3@friendfeed.com,Male
581,mspurdleg4@netvibes.com,Male
582,kkeedwellg5@printfriendly.com,Male
583,cpilburyg6@loc.gov,Male
584,tfarndaleg7@eventbrite.com,Male
585,tjacsong8@mozilla.com,Female
586,bfardyg9@shop-pro.jp,Male
587,blennardega@ameblo.jp,Male
588,iattwoolgb@slashdot.org,Male
589,svassanogc@cnbc.com,Male
590,mgallantgd@springer.com,Female
591,fvollerge@artisteer.com,Female
592,frummingsgf@bizjournals.com,Male
593,scornilgg@scribd.com,Male
594,tbilsongh@usgs.gov,Female
595,mmarstongi@bluehost.com,Male
596,usouthernsgj@rambler.ru,Female
597,srozyckigk@nydailynews.com,Female
598,sarrowsmithgl@dailymotion.com,Female
599,bhabbingm@photobucket.com,Male
600,fbenfordgn@over-blog.com,Male
601,nspawforthgo@imdb.com,Female
602,kruselingp@msn.com,Female
603,kraspgq@barnesandnoble.com,Male
604,kpollastrogr@sakura.ne.jp,Male
605,lfishergs@miibeian.gov.cn,Female
606,jweinberggt@oaic.gov.au,Female
607,bmcgiffgu@wikipedia.org,Male
608,hmerrgengv@google.nl,Female
609,icaddengw@sina.com.cn,Female
610,rlevermoregx@seesaa.net,Female
611,rkemptongy@tiny.cc,Male
612,scolegz@ebay.com,Male
613,fsalth0@mail.ru,Male
614,dvondrachh1@netlog.com,Male
615,lsumnallh2@aboutads.info,Male
616,amustooh3@prnewswire.com,Male
617,fgrainh4@jimdo.com,Male
618,bclewloweh5@jugem.jp,Male
619,pswinerdh6@cyberchimps.com,Male
620,zkillickh7@amazon.com,Male
621,llethemh8@google.fr,Female
622,wproseh9@bandcamp.com,Male
623,aderisleyha@upenn.edu,Female
624,ghounsomhb@columbia.edu,Male
625,fwarrickhc@time.com,Male
626,gpelzerhd@unicef.org,Female
627,sdeenyhe@slideshare.net,Female
628,awagghf@java.com,Female
629,acoarehg@tiny.cc,Female
630,sdineshh@marketwatch.com,Female
631,ksalazarhi@ameblo.jp,Female
632,jchoppinghj@com.com,Female
633,sheafordhk@joomla.org,Female
634,kgisbornehl@toplist.cz,Male
635,ncoophm@elegantthemes.com,Male
636,kforrestorhn@canalblog.com,Female
637,amcandrewho@chicagotribune.com,Male
638,bmulhallhp@artisteer.com,Female
639,karchboldhq@vkontakte.ru,Female
640,ekenrickhr@google.ca,Male
641,pstearnhs@desdev.cn,Male
642,rrendallht@umn.edu,Male
643,mprestwichhu@live.com,Female
644,cpesselhv@quantcast.com,Female
645,rcostiganhw@bloglines.com,Male
646,isteensonhx@netscape.com,Female
647,dswarbrickhy@ustream.tv,Female
648,lmushethz@dell.com,Female
649,filsoni0@twitpic.com,Female
650,syakebovichi1@economist.com,Female
651,smckirdyi2@dropbox.com,Male
652,ayaldreni3@posterous.com,Male
653,wranahani4@bbc.co.uk,Male
654,ccoraini5@loc.gov,Male
655,bebdeni6@desdev.cn,Female
656,nkilsbyi7@senate.gov,Female
657,cgieri8@fotki.com,Male
658,odoerrlingi9@hc360.com,Female
659,eubsdellia@forbes.com,Male
660,apattulloib@dell.com,Female
661,mleyic@t-online.de,Male
662,tcommonid@chron.com,Female
663,lbennoughie@last.fm,Female
664,arawneif@marriott.com,Female
665,cbeangeig@reuters.com,Female
666,bannellih@paypal.com,Female
667,rdugueii@spiegel.de,Female
668,lmeddickij@biglobe.ne.jp,Female
669,cberthomierik@storify.com,Female
670,pdyzartil@spotify.com,Female
671,jpetofiim@over-blog.com,Male
672,fcolliarin@nba.com,Female
673,aashburnerio@newsvine.com,Female
674,khughillip@washingtonpost.com,Female
675,nmartynoviq@about.me,Male
676,vforseyir@noaa.gov,Female
677,nsansis@lycos.com,Male
678,dpearsallit@multiply.com,Male
679,mcokelyiu@ezinearticles.com,Female
680,jstruttmaniv@squarespace.com,Female
681,jreemaniw@godaddy.com,Female
682,jarnauix@comcast.net,Female
683,lmorillasiy@latimes.com,Female
684,pcoastiz@yahoo.com,Male
685,pstoaksj0@fotki.com,Male
686,cmacsporranj1@soup.io,Male
687,rcanaj2@mapy.cz,Male
688,dtumilsonj3@chicagotribune.com,Female
689,estilldalej4@sitemeter.com,Male
690,bjarmanj5@blogger.com,Male
691,dclousleyj6@4shared.com,Female
692,tsimondsonj7@cloudflare.com,Female
693,dfarnishj8@hostgator.com,Male
694,cloveringj9@sohu.com,Female
695,svenneyja@alexa.com,Female
696,htudhopejb@dailymail.co.uk,Male
697,sdanfordjc@livejournal.com,Male
698,wseabonjd@indiatimes.com,Female
699,lcolegroveje@mapy.cz,Male
700,asnuggjf@wufoo.com,Male
701,ceastbyjg@wordpress.org,Female
702,btawsejh@baidu.com,Female
703,nedmedji@wufoo.com,Female
704,nbarclayjj@instagram.com,Female
705,cellermanjk@canalblog.com,Male
706,chowenjl@usa.gov,Female
707,ryorathjm@feedburner.com,Male
708,nfortenjn@moonfruit.com,Male
709,kmurbyjo@soundcloud.com,Male
710,mjointjp@ning.com,Male
711,cmcclymondjq@booking.com,Male
712,drivalantjr@ted.com,Male
713,ocrosselandjs@sogou.com,Female
714,apassmorejt@netscape.com,Female
715,ttownsonju@cnn.com,Male
716,mvalesjv@who.int,Female
717,gthornebarrowjw@g.co,Male
718,tvanderbaarenjx@berkeley.edu,Female
719,vaupoljy@dedecms.com,Female
720,hscothernjz@wikipedia.org,Female
721,bilyink0@goo.gl,Male
722,bwisemank1@studiopress.com,Male
723,chumbeek2@nih.gov,Female
724,kaslenk3@plala.or.jp,Male
725,glawsonk4@dion.ne.jp,Female
726,bdivillk5@livejournal.com,Female
727,scapelingk6@engadget.com,Male
728,lstickelk7@bluehost.com,Female
729,fchapellowk8@elegantthemes.com,Male
730,ldichek9@fc2.com,Female
731,mpraundlinka@purevolume.com,Female
732,wrappskb@admin.ch,Male
733,amothkc@msn.com,Male
734,cpalmbykd@deviantart.com,Male
735,ymckeeverke@springer.com,Female
736,sbaigentkf@cdc.gov,Male
737,bpottenkg@t.co,Female
738,cpoluzzikh@godaddy.com,Female
739,awelbandki@soup.io,Male
740,fpietruszkakj@shinystat.com,Male
741,zvonasekkk@wp.com,Male
742,ktallantkl@si.edu,Female
743,ddallistonkm@mail.ru,Female
744,jbrometkn@gnu.org,Female
745,mferroko@hhs.gov,Female
746,jmccrorykp@amazonaws.com,Male
747,odavidoffkq@sourceforge.net,Female
748,eblenkinkr@google.co.jp,Female
749,cgommeks@barnesandnoble.com,Female
750,ccicerokt@eventbrite.com,Male
751,cchreeku@bloomberg.com,Female
752,mfeakskv@skype.com,Female
753,ctaudevinkw@lulu.com,Male
754,cepsleykx@adobe.com,Male
755,tharveyky@mashable.com,Female
756,rmeighankz@rediff.com,Male
757,hcannopl0@dot.gov,Female
758,ccouchal1@cafepress.com,Female
759,mshortenl2@omniture.com,Male
760,hminchintonl3@mysql.com,Male
761,lgittingsl4@webmd.com,Male
762,rricardel5@nytimes.com,Female
763,pmarusikl6@php.net,Female
764,hprazorl7@amazon.de,Male
765,splattsl8@nih.gov,Female
766,gseebertl9@aboutads.info,Male
767,gpringourla@eepurl.com,Male
768,wsherreardlb@chron.com,Male
769,dbeinischlc@w3.org,Male
770,hcruiseld@g.co,Male
771,hmccaigle@newsvine.com,Female
772,djouleslf@sun.com,Female
773,dsterkelg@hubpages.com,Male
774,stibaltlh@ehow.com,Female
775,dalnerli@parallels.com,Male
776,cdavielj@boston.com,Male
777,rgofordlk@nbcnews.com,Male
778,gmynettll@vkontakte.ru,Male
779,bmcleishlm@histats.com,Female
780,dlippettln@google.co.uk,Male
781,gbuckthoughtlo@nps.gov,Female
782,ldalleylp@wisc.edu,Female
783,cmahmoodlq@washington.edu,Male
784,cdaniellolr@nytimes.com,Male
785,soakeyls@mashable.com,Female
786,tkastinglt@examiner.com,Male
787,aandrionilu@storify.com,Female
788,rcresarlv@dot.gov,Male
789,mhostanlw@hud.gov,Female
790,tjanjuseviclx@imdb.com,Female
791,spontely@ibm.com,Female
792,zkeelz@opensource.org,Female
793,gmackeem0@bloglovin.com,Male
794,erodgersm1@simplemachines.org,Female
795,qzarfatim2@smh.com.au,Male
796,lknowlmanm3@indiegogo.com,Female
797,tabbiem4@ebay.com,Female
798,vtrappm5@ask.com,Male
799,mmartinetsm6@netvibes.com,Female
800,bmaxtedm7@census.gov,Male
801,spoultonm8@army.mil,Male
802,sflippenm9@artisteer.com,Female
803,lknappittma@yellowbook.com,Female
804,lwynnemb@weather.com,Male
805,jbyermc@omniture.com,Female
806,tjanickimd@weather.com,Female
807,rsandwithme@trellian.com,Male
808,keloymf@arstechnica.com,Female
809,zturgoosemg@nps.gov,Female
810,fdellamh@is.gd,Female
811,rlakesmi@auda.org.au,Male
812,nflindersmj@pen.io,Female
813,lfarrellmk@illinois.edu,Female
814,wculshawml@pagesperso-orange.fr,Male
815,iromeramm@pagesperso-orange.fr,Male
816,mcottillmn@geocities.com,Female
817,lgolleymo@elpais.com,Female
818,lsowdenmp@cnbc.com,Male
819,vtilfordmq@technorati.com,Female
820,vdartnallmr@storify.com,Female
821,ranselmims@psu.edu,Male
822,ibaldenmt@cbslocal.com,Female
823,vnormanvillmu@omniture.com,Female
824,cbunfordmv@yellowpages.com,Female
825,vcoyishmw@shop-pro.jp,Female
826,fcanningmx@cnet.com,Female
827,ldorinmy@bigcartel.com,Male
828,virelandmz@who.int,Male
829,smckernann0@wix.com,Male
830,lbrabbenn1@hexun.com,Female
831,avanhallen2@de.vu,Female
832,ngartinn3@cnn.com,Female
833,dyoueln4@prlog.org,Male
834,aherrievenn5@merriam-webster.com,Female
835,mdulanyn6@huffingtonpost.com,Female
836,nnieseln7@umich.edu,Female
837,mhanssmannn8@shop-pro.jp,Female
838,taldgaten9@sitemeter.com,Male
839,abenesna@4shared.com,Female
840,djarrettnb@berkeley.edu,Male
841,omassotnc@vinaora.com,Male
842,qmikond@engadget.com,Male
843,gsommerne@epa.gov,Female
844,vcushionnf@elegantthemes.com,Male
845,eeddinsng@europa.eu,Female
846,mkolodziejskinh@hexun.com,Male
847,mverneyni@cornell.edu,Female
848,jharkinnj@hatena.ne.jp,Female
849,mduberynk@reference.com,Male
850,ffisknl@independent.co.uk,Male
851,gberrenm@nsw.gov.au,Male
852,bshallnn@dailymail.co.uk,Female
853,eansterno@wiley.com,Male
854,beverwinnp@naver.com,Male
855,hhyslopnq@creativecommons.org,Male
856,hburdassnr@shinystat.com,Male
857,mlightewoodns@wix.com,Male
858,dbroadstocknt@tmall.com,Female
859,zwaternu@storify.com,Female
860,nbarthnv@twitter.com,Female
861,hclaynw@engadget.com,Female
862,phabbijamnx@istockphoto.com,Male
863,blysteny@scientificamerican.com,Male
864,rlongnz@guardian.co.uk,Male
865,jbrookeso0@va.gov,Female
866,amarko1@tripadvisor.com,Female
867,gbeestono2@free.fr,Male
868,amitieo3@altervista.org,Female
869,emiddeno4@xrea.com,Male
870,ppatriao5@nyu.edu,Male
871,bgounodo6@tinyurl.com,Female
872,gschultero7@geocities.com,Female
873,lhurleyo8@accuweather.com,Male
874,msparshatto9@posterous.com,Female
875,inijsoa@noaa.gov,Male
876,pgarstangob@nsw.gov.au,Female
877,dbulbrookoc@vk.com,Female
878,afrightod@house.gov,Male
879,tseftonoe@stumbleupon.com,Male
880,ahallickof@exblog.jp,Female
881,lgoaneog@jiathis.com,Male
882,lhinnerkoh@wired.com,Male
883,mgonoi@geocities.com,Female
884,hjacksonoj@comsenz.com,Male
885,peddyok@sourceforge.net,Female
886,blachaizeol@usgs.gov,Male
887,ejerrardom@purevolume.com,Male
888,nbrunnon@opensource.org,Male
889,mmalpasoo@ehow.com,Male
890,wwalklateop@noaa.gov,Male
891,etideswelloq@latimes.com,Female
892,vvickersor@squarespace.com,Female
893,nhemshallos@hao123.com,Female
894,cbernthot@xinhuanet.com,Female
895,csermanou@elpais.com,Male
896,dborlandov@upenn.edu,Female
897,pferrarioow@java.com,Male
898,rballingox@google.co.jp,Female
899,osageoy@amazon.co.uk,Male
900,rrudgleyoz@bravesites.com,Male
901,wsneddonp0@businessweek.com,Female
902,dgleedp1@woothemes.com,Female
903,acorpsp2@google.com.au,Male
904,eseymerp3@mlb.com,Male
905,awattinhamp4@seattletimes.com,Female
906,rtrettp5@chicagotribune.com,Female
907,mpaulssonp6@posterous.com,Female
908,cmacmaykinp7@sun.com,Male
909,jpallatinap8@about.me,Male
910,cshieldonp9@samsung.com,Male
911,tthiemepa@google.pl,Female
912,ldriffepb@dot.gov,Male
913,wlanktreepc@tiny.cc,Male
914,smillionspd@skype.com,Male
915,ochaineype@bravesites.com,Female
916,ocamamillpf@msu.edu,Male
917,asamwellpg@google.fr,Male
918,otothacotph@meetup.com,Male
919,eborleasepi@reuters.com,Male
920,gmcilhonepj@elpais.com,Male
921,dfairbournepk@gmpg.org,Female
922,mskeechpl@xrea.com,Male
923,glansburypm@usgs.gov,Male
924,celnerpn@furl.net,Male
925,bslesserpo@archive.org,Female
926,lwiszniewskipp@mashable.com,Male
927,tgethingspq@nyu.edu,Male
928,bsmilliepr@usnews.com,Female
929,saldwickps@yahoo.co.jp,Female
930,chammelbergpt@vistaprint.com,Male
931,ssteedenpu@sciencedaily.com,Female
932,rkobierieckipv@smugmug.com,Male
933,vvandaalenpw@google.co.uk,Female
934,tbarbischpx@t.co,Male
935,codonnellpy@marketwatch.com,Male
936,mmaccleodpz@webs.com,Female
937,rchristescuq0@vinaora.com,Male
938,hdraudeq1@shinystat.com,Female
939,mbrogiottiq2@nasa.gov,Female
940,rjopeq3@netlog.com,Male
941,jvandevliesq4@woothemes.com,Female
942,oolijveq5@usnews.com,Male
943,ljeenesq6@marketwatch.com,Male
944,jollerheadq7@columbia.edu,Female
945,gmurfillq8@reference.com,Female
946,lmillichipq9@cyberchimps.com,Female
947,mhillettqa@engadget.com,Female
948,nposkittqb@thetimes.co.uk,Female
949,bramseyqc@google.co.jp,Female
950,ckitteridgeqd@auda.org.au,Male
951,jgrundeyqe@cmu.edu,Male
952,rkinneyqf@cbslocal.com,Female
953,hdochartyqg@ucoz.ru,Male
954,breysonqh@deliciousdays.com,Male
955,kwilleyqi@ucla.edu,Male
956,mkrolqj@discovery.com,Female
957,amcgowingqk@ebay.co.uk,Female
958,jtomkinql@symantec.com,Male
959,nohallihaneqm@hao123.com,Female
960,eoakeyqn@opensource.org,Male
961,rdalwisqo@linkedin.com,Female
962,ameachanqp@simplemachines.org,Female
963,csuettqq@barnesandnoble.com,Female
964,htichelaarqr@craigslist.org,Male
965,koldacresqs@answers.com,Female
966,lflacknellqt@usnews.com,Female
967,fruttgersqu@cbslocal.com,Female
968,mpudnerqv@technorati.com,Female
969,ssoffeqw@geocities.jp,Male
970,djinkinsonqx@wikispaces.com,Male
971,cfairhallqy@unicef.org,Male
972,dbassilashviliqz@ed.gov,Male
973,sdallyr0@biglobe.ne.jp,Male
974,jgriersonr1@newyorker.com,Male
975,biremongerr2@archive.org,Female
976,hhalfhider3@mapy.cz,Female
977,becobr4@gmpg.org,Female
978,garkowr5@washingtonpost.com,Male
979,gsamartr6@wisc.edu,Male
980,rhuttleyr7@deviantart.com,Male
981,yballingalr8@hexun.com,Male
982,aperkisr9@mac.com,Male
983,taitchesonra@webs.com,Male
984,mdargavelrb@skype.com,Female
985,bpainerc@gov.uk,Female
986,wfrapwellrd@telegraph.co.uk,Male
987,ahughesre@google.co.jp,Female
988,amclanerf@clickbank.net,Male
989,vaykroydrg@cornell.edu,Female
990,alitterickrh@netscape.com,Female
991,chulmeri@purevolume.com,Male
992,lpannerrj@phoca.cz,Male
993,cswornerk@youku.com,Male
994,rjoblinrl@symantec.com,Male
995,radshadrm@over-blog.com,Male
996,hazamrn@bing.com,Male
997,btournerro@usa.gov,Male
998,osteketeerp@state.tx.us,Female
999,nfrosdickrq@typepad.com,Female
1000,cashfordrr@patch.com,Female
